2014.01.02,38750,39350,38450
2014.01.03,39900,41300,39800
2014.01.06,41150,41150,40250
2014.01.07,40500,43600,40450
2014.01.08,43700,49300,43300
2014.01.09,47250,47750,45100
2014.01.10,46600,47300,45050
2014.01.13,45550,46750,45550
2014.01.14,46100,46300,45150
2014.01.15,45850,48200,45850
2014.01.16,46750,47550,45500
2014.01.17,45800,46800,44800
2014.01.20,45300,45850,44850
2014.01.21,45250,45650,44850
2014.01.22,45200,45300,44450
2014.01.23,44500,45750,44100
2014.01.24,46100,46750,45000
2014.01.27,44200,44450,42700
2014.01.28,42900,44200,42100
2014.01.29,44450,45500,44200
2014.02.03,44100,44600,43500
2014.02.04,42800,43500,42800
2014.02.05,42900,43350,40300
2014.02.06,40300,41750,40250
2014.02.07,42200,42350,41600
2014.02.10,42200,43100,41850
2014.02.11,42750,42900,42050
2014.02.12,42800,42850,42300
2014.02.13,42600,43350,42600
2014.02.14,43350,43350,42800
2014.02.17,42750,43050,42300
2014.02.18,43100,45500,43050
2014.02.19,45200,48900,44600
2014.02.20,48150,48300,46150
2014.02.21,46900,47800,46300
2014.02.24,47400,48550,47050
2014.02.25,47550,47800,46650
2014.02.26,47200,47900,46150
2014.02.27,47050,48250,47050
2014.02.28,47450,48000,47250
2014.03.03,48250,49650,48050
2014.03.04,49400,49600,46050
2014.03.05,47150,47300,45500
2014.03.06,46250,46600,44950
2014.03.07,46200,46400,45750
2014.03.10,46000,46850,45250
2014.03.11,46250,47100,46250
2014.03.12,45200,45650,42300
2014.03.13,43300,43850,41250
2014.03.14,42600,42900,42000
2014.03.17,41600,42300,41250
2014.03.18,42000,42450,41950
2014.03.19,42250,42350,41600
2014.03.20,41400,41750,40300
2014.03.21,40850,41700,40850
2014.03.24,42100,42100,41350
2014.03.25,41500,41650,41000
2014.03.26,41300,47350,41300
2014.03.27,46000,46300,43750
2014.03.28,44400,45250,43750
2014.03.31,43900,44350,43350
2014.04.01,44000,45100,43850
2014.04.02,44950,46500,44800
2014.04.03,46000,52800,46000
2014.04.04,50100,50900,48400
2014.04.07,48400,52400,48250
2014.04.08,50500,51600,49500
2014.04.09,50200,50800,49250
2014.04.10,50600,51200,49500
2014.04.11,49300,50300,48700
2014.04.14,50600,52100,50600
2014.04.15,51800,52100,50700
2014.04.16,50600,50700,49200
2014.04.17,49600,50200,49400
2014.04.18,49800,51700,49600
2014.04.21,51300,51700,49950
2014.04.22,49500,49800,47900
2014.04.23,48500,49400,47600
2014.04.24,47900,48600,47100
2014.04.25,49200,50300,48000
2014.04.28,47600,48350,47400
2014.04.29,48100,48350,47550
2014.04.30,47700,49100,47450
2014.05.02,48000,48300,46900
2014.05.07,47400,47600,46500
2014.05.08,46400,46850,45600
2014.05.09,46150,47400,46150
2014.05.12,47000,48200,47000
2014.05.13,48250,48900,47950
2014.05.14,47900,48750,47350
2014.05.15,49750,51500,49050
2014.05.16,51900,52200,50100
2014.05.19,50600,50600,49200
2014.05.20,49650,50300,48850
2014.05.21,48750,49600,48600
2014.05.22,49550,49750,48450
2014.05.23,48500,50000,48350
2014.05.26,49350,50800,48650
2014.05.27,48700,48700,47650
2014.05.28,48400,48400,47400
2014.05.29,47750,48050,47350
2014.05.30,47600,48850,46850
2014.06.02,48050,49500,47000
2014.06.03,46800,47200,45900
2014.06.05,46300,46750,45500
2014.06.09,45800,46400,45600
2014.06.10,45500,47500,45500
2014.06.11,47200,47350,46500
2014.06.12,46750,47600,46150
2014.06.13,47150,47900,46950
2014.06.16,47650,47750,47150
2014.06.17,47150,47600,46800
2014.06.18,47400,47800,47150
2014.06.19,47050,47500,46050
2014.06.20,46100,46350,44850
2014.06.23,44800,45100,43650
2014.06.24,44000,45250,43200
2014.06.25,45050,45850,44500
2014.06.26,44800,45400,44800
2014.06.27,45050,46000,45050
2014.06.30,46150,47300,45600
2014.07.01,46550,47000,46150
2014.07.02,47150,47400,46450
2014.07.03,44000,45400,43300
2014.07.04,45250,46550,44500
2014.07.07,46650,46800,45800
2014.07.08,45550,45750,45100
2014.07.09,45550,46150,44650
2014.07.10,44700,45150,44550
2014.07.11,44700,44800,43600
2014.07.14,43500,44300,43350
2014.07.15,43850,43900,43400
2014.07.16,43150,44300,43150
2014.07.17,44000,44050,43000
2014.07.18,42650,43200,42200
2014.07.21,42300,42950,40850
2014.07.22,42150,42800,42000
2014.07.23,42300,44700,42300
2014.07.24,43000,43450,42500
2014.07.25,42600,42750,42100
2014.07.28,42150,42250,41400
2014.07.29,41400,41950,40950
2014.07.30,41300,41600,40950
2014.07.31,41150,41450,39700
2014.08.01,39050,40600,38900
2014.08.04,39700,41550,39650
2014.08.05,40550,46000,40400
2014.08.06,43900,44100,41500
2014.08.07,41650,42550,40300
2014.08.08,40000,40900,39600
2014.08.11,39750,42700,39750
2014.08.12,41100,41250,39950
2014.08.13,39900,40950,39900
2014.08.14,41100,41550,40800
2014.08.18,41850,42650,40800
2014.08.19,42150,42300,41150
2014.08.20,41150,41350,40350
2014.08.21,40600,40950,40150
2014.08.22,40150,40450,39950
2014.08.25,40100,41150,40100
2014.08.26,40750,40950,40400
2014.08.27,41150,42250,41050
2014.08.28,41850,41900,41350
2014.08.29,41550,41750,41250
2014.09.01,41900,41950,41100
2014.09.02,41150,41600,40850
2014.09.03,41350,41400,40900
2014.09.04,40800,43100,40600
2014.09.05,43450,43600,42250
2014.09.11,42750,43600,42600
2014.09.12,43750,45750,43700
2014.09.15,45550,45650,44200
2014.09.16,44450,45350,44050
2014.09.17,44300,45150,43500
2014.09.18,45250,45550,44300
2014.09.19,44600,45050,44400
2014.09.22,44200,44200,42950
2014.09.23,43100,45550,42950
2014.09.24,45750,47200,45300
2014.09.25,47100,47600,46200
2014.09.26,47000,47450,46250
2014.09.29,46800,47750,46150
2014.09.30,47100,48950,47000
2014.10.01,49100,49350,47800
2014.10.02,47700,48500,47200
2014.10.06,48450,48950,47400
2014.10.07,48150,48500,43500
2014.10.08,43550,44450,42800
2014.10.10,42900,43900,41950
2014.10.13,41800,42700,40650
2014.10.14,41500,43350,41450
2014.10.15,43300,43350,41850
2014.10.16,41600,42400,40900
2014.10.17,42100,42200,40950
2014.10.20,41900,42600,41500
2014.10.21,42600,42900,41550
2014.10.22,42100,42250,41350
2014.10.23,41750,42050,41600
2014.10.24,42000,42000,41000
2014.10.27,41300,41500,40700
2014.10.28,40750,41150,40700
2014.10.29,41100,41950,41050
2014.10.30,41800,41850,41050
2014.10.31,41500,41950,41350
2014.11.03,41900,42150,41200
2014.11.04,41750,43950,41750
2014.11.05,42300,43650,42250
2014.11.06,43300,43550,42500
2014.11.07,43000,43500,42800
2014.11.10,43500,43500,42750
2014.11.11,43600,44250,43100
2014.11.12,43550,43750,42150
2014.11.13,42750,43200,42500
2014.11.14,42400,43050,41600
2014.11.17,41600,41900,40250
2014.11.18,40000,40900,39800
2014.11.19,40100,41350,39900
2014.11.20,40950,41050,40000
2014.11.21,40300,40550,40050
2014.11.24,40550,40700,39900
2014.11.25,40100,40500,40050
2014.11.26,40150,40300,39650
2014.11.27,39600,41600,39100
2014.11.28,40000,40450,39750
2014.12.01,40150,40450,39900
2014.12.02,40700,40700,40150
2014.12.03,40200,40500,40100
2014.12.04,40350,41350,40250
2014.12.05,41250,41250,40500
2014.12.08,40450,40650,39900
2014.12.09,39950,40250,39150
2014.12.10,39000,39300,37500
2014.12.11,37800,38850,37700
2014.12.12,37950,38200,37250
2014.12.15,37350,38500,37300
2014.12.16,38450,40100,38100
2014.12.17,39750,40150,38700
2014.12.18,38700,39100,37650
2014.12.19,38250,39200,38100
2014.12.22,38600,39800,38600
2014.12.23,39900,40550,39100
2014.12.24,39900,40150,39450
2014.12.26,40000,40450,39450
2014.12.29,38600,39000,38200
2014.12.30,38750,38850,38300
2015.01.02,39050,39500,38850
2015.01.05,39000,39200,38650
2015.01.06,38500,38700,37900
2015.01.07,38100,38350,37900
2015.01.08,38150,38800,37900
2015.01.09,38650,38900,38100
2015.01.12,38550,38900,38400
2015.01.13,38700,40950,38500
2015.01.14,40200,40800,39950
2015.01.15,40650,41300,40400
2015.01.16,41450,41600,40400
2015.01.19,41400,41850,40700
2015.01.20,40700,41000,39900
2015.01.21,40600,40850,39650
2015.01.22,39750,40100,39150
2015.01.23,39700,40400,39500
2015.01.26,40450,40950,39850
2015.01.27,40100,40350,39200
2015.01.28,39200,39650,39100
2015.01.29,39550,40550,39500
2015.01.30,40750,42250,40050
2015.02.02,40900,41550,40350
2015.02.03,41550,43000,41150
2015.02.04,42900,43500,42350
2015.02.05,42750,42850,42000
2015.02.06,48000,48300,45400
2015.02.09,47050,51300,46600
2015.02.10,50000,51700,47450
2015.02.11,49750,50600,49300
2015.02.12,49950,50800,48050
2015.02.13,51000,58000,51000
2015.02.16,60400,66700,59300
2015.02.17,69500,71400,63400
2015.02.23,67300,74400,66100
2015.02.24,72900,75700,70500
2015.02.25,73200,73500,66900
2015.02.26,66500,68200,64000
2015.02.27,67300,69100,65500
2015.03.02,64500,66100,62200
2015.03.03,64100,67400,63400
2015.03.04,64500,69200,64000
2015.03.05,66500,67300,63600
2015.03.06,65000,69500,64000
2015.03.09,71000,71900,67000
2015.03.10,67200,68000,64800
2015.03.11,66200,67700,64800
2015.03.12,64900,66300,62800
2015.03.13,66800,68400,65900
2015.03.16,67900,69000,66800
2015.03.17,69400,69600,67500
2015.03.18,67900,69400,64000
2015.03.19,65400,68000,63300
2015.03.20,67700,69800,65600
2015.03.23,67400,68200,66000
2015.03.24,66500,67600,65700
2015.03.25,67000,76100,66600
2015.03.26,75000,76400,69200
2015.03.27,69800,72100,69000
2015.03.30,71300,71500,68500
2015.03.31,69100,72000,68400
2015.04.01,69400,70500,68500
2015.04.02,69900,73100,69100
2015.04.03,70300,71800,69700
2015.04.06,71600,72900,70700
2015.04.07,73500,79400,73300
2015.04.08,74000,76000,72100
2015.04.09,74900,75500,73500
2015.04.10,79400,80900,75500
2015.04.13,78000,86900,77100
2015.04.14,88000,97400,85800
2015.04.15,91800,94100,89700
2015.04.16,92300,93500,86500
2015.04.17,90300,91500,83600
2015.04.20,86900,88200,84700
2015.04.21,85400,88800,85000
2015.04.22,86200,89200,80800
2015.04.23,84800,85600,80500
2015.04.24,80600,83100,78700
2015.04.27,81700,83700,81400
2015.04.28,81800,89600,80500
2015.04.29,86600,87400,84100
2015.04.30,84900,88000,82600
2015.05.04,84700,87400,84500
2015.05.06,85100,86600,84600
2015.05.07,84300,84800,81600
2015.05.08,85200,85900,83500
2015.05.11,83100,83700,81900
2015.05.12,81800,83100,80500
2015.05.13,80500,84100,77400
2015.05.14,81300,84700,80200
2015.05.15,83600,85200,82900
2015.05.18,84000,84200,81400
2015.05.19,81700,83300,80200
2015.05.20,80800,81800,77800
2015.05.21,81900,83300,78900
2015.05.22,78700,79900,77200
2015.05.26,76600,77000,71100
2015.05.27,72300,73300,68900
2015.05.28,70900,73700,69800
2015.05.29,71500,72500,69000
2015.06.01,69400,72000,69000
2015.06.02,72300,72300,69100
2015.06.03,69100,69900,65300
2015.06.04,65400,68000,65300
2015.06.05,67800,75400,67500
2015.06.08,75100,79700,74000
2015.06.09,80000,81800,77300
2015.06.10,77700,77900,74000
2015.06.11,77000,78000,74300
2015.06.12,74300,76100,73300
2015.06.15,73900,76300,73600
2015.06.16,75200,75600,71800
2015.06.17,72900,83100,72200
2015.06.18,81000,83900,79500
2015.06.19,81000,81600,78500
2015.06.22,83800,88400,83700
2015.06.23,86500,86800,82300
2015.06.24,82900,83500,81600
2015.06.25,83000,84500,81700
2015.06.26,81800,82700,79400
2015.06.29,77600,81200,77100
2015.06.30,78700,79700,76600
2015.07.01,78200,82900,77600
2015.07.02,82800,83900,81500
2015.07.03,82500,82500,80000
2015.07.06,79000,82300,78500
2015.07.07,82500,85000,78900
2015.07.08,80400,81300,76700
2015.07.09,76100,77500,73900
2015.07.10,78000,78800,76000
2015.07.13,75000,79700,74900
2015.07.14,80100,80600,78000
2015.07.15,79400,83800,78700
2015.07.16,84500,85600,82200
2015.07.17,84700,85200,82000
2015.07.20,83400,83400,81300
2015.07.21,82400,83100,80400
2015.07.22,81000,82300,79800
2015.07.23,82000,82200,80300
2015.07.24,80600,83100,79900
2015.07.27,81900,82500,79100
2015.07.28,77900,79200,76500
2015.07.29,78500,80100,76200
2015.07.30,76500,79000,75200
2015.07.31,76200,78000,75800
2015.08.03,77900,78600,76900
2015.08.04,76300,80500,76200
2015.08.05,82600,84300,81800
2015.08.06,83000,84700,82500
2015.08.07,83200,83300,81700
2015.08.10,82400,84300,81800
2015.08.11,85600,85700,80500
2015.08.12,79500,81500,78600
2015.08.13,80700,82500,80500
2015.08.17,79700,81000,79400
2015.08.18,80200,80600,77700
2015.08.19,77300,77600,71700
2015.08.20,73300,74000,70000
2015.08.21,66400,68000,63800
2015.08.24,64500,66000,61500
2015.08.25,63600,70600,61400
2015.08.26,69500,71900,69100
2015.08.27,73000,75000,71500
2015.08.28,73800,73800,71600
2015.08.31,72600,72700,70500
2015.09.01,70100,72100,69800
2015.09.02,68900,71000,68300
2015.09.03,71300,71800,69000
2015.09.04,70000,70000,66300
2015.09.07,66600,70000,65600
2015.09.08,66900,68200,65300
2015.09.09,67700,70300,67200
2015.09.10,68500,69400,67800
2015.09.11,70900,74200,70200
2015.09.14,71700,72100,69500
2015.09.15,70300,71700,69500
2015.09.16,71800,72200,70300
2015.09.17,71900,71900,68500
2015.09.18,69700,72300,69600
2015.09.21,72000,73000,71500
2015.09.22,71800,71900,70500
2015.09.23,70300,71400,69700
2015.09.24,70900,72100,70400
2015.09.25,71700,72300,69800
2015.09.30,69200,69600,67200
2015.10.01,68800,69100,67700
2015.10.02,68600,71800,68300
2015.10.05,71100,71600,69500
2015.10.06,71000,71000,69900
2015.10.07,70500,71300,69100
2015.10.08,70400,71100,69500
2015.10.12,69500,70000,69000
2015.10.13,69400,72000,69400
2015.10.14,72500,72600,71000
2015.10.15,71500,72200,70800
2015.10.16,72600,74300,72500
2015.10.19,74100,77600,73400
2015.10.20,77600,78300,76600
2015.10.21,78000,79900,77500
2015.10.22,76900,77600,75300
2015.10.23,77000,78400,76200
2015.10.26,78000,79000,76600
2015.10.27,78600,78600,75200
2015.10.28,74600,84300,73000
2015.10.29,79000,79600,77100
2015.10.30,77800,79300,76000
2015.11.02,76400,77100,75500
2015.11.03,76500,77500,75500
2015.11.04,75700,76100,74500
2015.11.05,76100,76600,75700
2015.11.06,77700,78200,75700
2015.11.09,76400,77700,74000
2015.11.10,77900,79300,75600
2015.11.11,75900,80000,75600
2015.11.12,81700,84000,81200
2015.11.13,82000,83300,81000
2015.11.16,82000,83700,81700
2015.11.17,83400,86100,82300
2015.11.18,86300,90000,85200
2015.11.19,91200,93700,89600
2015.11.20,90500,92000,89700
2015.11.23,91900,92400,88800
2015.11.24,90700,90900,88800
2015.11.25,90500,90900,88100
2015.11.26,88200,89000,87700
2015.11.27,88400,88800,86900
2015.11.30,87300,87800,85100
2015.12.01,86100,87900,85400
2015.12.02,87500,88900,86300
2015.12.03,86300,87900,85700
2015.12.04,86700,87400,86500
2015.12.07,87500,87600,83900
2015.12.08,83800,84200,79600
2015.12.09,80500,81700,80500
2015.12.10,80600,82100,80100
2015.12.11,79700,80500,78300
2015.12.14,77300,79300,76100
2015.12.15,79300,79700,78500
2015.12.16,81000,81200,79800
2015.12.17,80800,81200,79400
2015.12.18,79900,83400,79700
2015.12.21,83800,84000,83000
2015.12.22,83300,83300,81600
2015.12.23,82500,82900,80500
2015.12.24,80000,80700,78600
2015.12.28,77900,78600,76300
2015.12.29,79700,84800,79500
2015.12.30,85000,85000,83200
2016.01.04,85100,91700,84300
2016.01.05,89000,91600,88800
2016.01.06,90500,92500,89100
2016.01.07,94300,98700,90800
2016.01.08,89400,96500,89300
2016.01.11,98500,100500,97000
2016.01.12,99600,100200,97000
2016.01.13,98500,105100,97900
2016.01.14,103600,109000,103100
2016.01.15,104600,104600,99000
2016.01.18,102500,116700,102300
2016.01.19,115700,118200,112800
2016.01.20,116100,120700,113500
2016.01.21,119200,119400,115400
2016.01.22,117500,118500,109600
2016.01.25,113100,114100,108700
2016.01.26,112900,117000,112100
2016.01.27,112100,113100,107900
2016.01.28,108300,112200,108300
2016.01.29,111700,112500,109100
2016.02.01,116200,120500,115300
2016.02.02,119700,122100,118200
2016.02.03,118000,119900,115700
2016.02.04,121800,121800,118700
2016.02.05,120700,121200,119200
2016.02.11,127300,129000,113000
2016.02.12,110000,110500,96800
2016.02.15,101300,104400,99000
2016.02.16,101300,105200,100400
2016.02.17,103700,104300,98800
2016.02.18,101200,105000,99900
2016.02.19,104700,105200,102000
2016.02.22,102000,104100,100600
2016.02.23,104100,104400,100500
2016.02.24,100200,101500,99100
2016.02.25,101500,101600,98900
2016.02.26,98700,101300,98100
2016.02.29,100500,101000,99500
2016.03.02,103000,107200,102200
2016.03.03,108000,111000,106100
2016.03.04,109300,110500,108000
2016.03.07,108700,112200,100900
2016.03.08,104400,105000,102100
2016.03.09,103200,103800,101600
2016.03.10,101900,106000,101600
2016.03.11,105100,105600,103600
2016.03.14,105700,107200,104700
2016.03.15,106500,106700,105000
2016.03.16,105400,109600,105100
2016.03.17,108000,108800,106500
2016.03.18,107500,108400,106600
2016.03.21,108600,109100,107300
2016.03.22,108500,108500,106800
2016.03.23,108100,108900,107100
2016.03.24,107300,108000,106200
2016.03.25,106400,108300,106100
2016.03.28,107600,107600,105400
2016.03.29,105200,110300,104500
2016.03.30,110800,110900,108900
2016.03.31,110000,110600,109100
2016.04.01,109700,115400,109400
2016.04.04,115200,119500,114900
2016.04.05,118400,120000,117000
2016.04.06,120400,122000,110200
2016.04.07,111600,117200,111300
2016.04.08,114100,115200,110100
2016.04.11,111200,112900,107100
2016.04.12,106700,109000,106600
2016.04.14,109100,110500,107400
2016.04.15,110000,110500,108200
2016.04.18,107100,107800,104400
2016.04.19,105000,107800,103200
2016.04.20,105600,106400,103500
2016.04.21,103500,104200,100400
2016.04.22,102400,102800,100800
2016.04.25,101000,101900,100800
2016.04.26,102500,105800,102400
2016.04.27,104000,104100,101600
2016.04.28,101200,102200,100500
2016.04.29,100500,101500,100200
2016.05.02,100200,101100,99100
2016.05.03,98400,100700,98400
2016.05.04,99300,100000,98100
2016.05.09,98600,99800,98200
2016.05.10,98500,100800,98200
2016.05.11,100500,101100,99600
2016.05.12,99800,100500,99300
2016.05.13,99000,100900,98700
2016.05.16,100000,100200,98600
2016.05.17,99000,99200,95000
2016.05.18,94500,94600,90100
2016.05.19,90000,101300,88500
2016.05.20,92500,95300,91300
2016.05.23,95400,96600,94100
2016.05.24,93300,94900,93100
2016.05.25,94700,99700,94300
2016.05.26,99800,99900,95300
2016.05.27,95900,98000,95000
2016.05.30,98400,98800,97100
2016.05.31,97000,99400,96400
2016.06.01,99300,101000,98500
2016.06.02,98600,99100,97300
2016.06.03,98800,99000,97100
2016.06.07,97200,98000,96700
2016.06.08,97400,97600,95900
2016.06.09,96800,98400,96500
2016.06.10,98400,98600,97400
2016.06.13,97200,97900,96100
2016.06.14,95500,96600,94500
2016.06.15,95200,95600,94100
2016.06.16,94800,96700,94100
2016.06.17,95000,95400,93000
2016.06.20,94800,95400,94300
2016.06.21,95000,95400,93700
2016.06.22,95100,98900,94700
2016.06.23,95700,97000,94900
2016.06.24,96700,96800,88600
2016.06.27,88700,92600,88100
2016.06.28,91800,94500,91400
2016.06.29,95000,96000,94400
2016.06.30,95500,97200,94700
2016.07.01,97200,99600,97000
2016.07.04,99600,101600,99200
2016.07.05,100400,103400,99500
2016.07.06,102100,102700,98700
2016.07.07,100200,101300,99800
2016.07.08,101200,101200,98900
2016.07.11,100600,100800,99500
2016.07.12,99900,100800,99100
2016.07.13,100000,100300,99200
2016.07.14,99900,100900,99100
2016.07.15,100900,101100,99900
2016.07.18,100500,100600,99200
2016.07.19,99600,100200,99200
2016.07.20,100200,102800,99900
2016.07.21,102500,106000,101800
2016.07.22,106400,106800,104000
2016.07.25,105000,105700,103700
2016.07.26,103700,104600,103600
2016.07.27,104000,104500,102100
2016.07.28,102100,103700,102100
2016.07.29,103500,105300,103300
2016.08.01,104800,105000,101600
2016.08.02,102000,102900,101600
2016.08.03,102800,102900,101300
2016.08.04,102200,104000,102200
2016.08.05,104500,104700,103200
2016.08.08,104400,106500,103800
2016.08.09,106300,108500,105800
2016.08.10,108300,113300,108100
2016.08.11,113400,114500,111800
2016.08.12,113400,113500,111400
2016.08.16,113100,114200,112500
2016.08.17,111700,114400,108900
2016.08.18,118500,119000,113300
2016.08.19,113400,116100,112500
2016.08.22,115000,115000,110300
2016.08.23,110100,112100,109200
2016.08.24,109900,111400,108500
2016.08.25,112000,112700,110100
2016.08.26,110200,110700,108700
2016.08.29,108900,109100,105500
2016.08.30,106800,108200,105900
2016.08.31,106200,107600,106000
2016.09.01,107500,109500,106800
2016.09.02,109700,110300,108500
2016.09.05,109700,110400,109200
2016.09.06,110000,113000,109600
2016.09.07,112800,113200,110200
2016.09.08,110700,110700,107600
2016.09.09,108200,109900,106500
2016.09.12,106400,108900,106400
2016.09.13,108400,108900,107700
2016.09.19,108000,108700,107100
2016.09.20,106800,109900,106800
2016.09.21,109900,111200,109400
2016.09.22,110700,111500,110100
2016.09.23,110600,111000,109900
2016.09.26,110500,111200,109700
2016.09.27,109300,109800,108500
2016.09.28,109800,109800,108600
2016.09.29,108900,109300,108000
2016.09.30,108100,109400,105500
2016.10.04,107600,109200,106900
2016.10.05,107100,107900,105600
2016.10.06,105500,107900,105500
2016.10.07,106900,108100,106000
2016.10.10,106100,106700,105600
2016.10.11,105300,106100,102600
2016.10.12,102000,103600,102000
2016.10.13,102900,105200,101900
2016.10.14,102600,103000,101800
2016.10.17,103000,103100,99900
2016.10.18,102200,107000,101400
2016.10.19,107600,109900,105500
2016.10.20,106900,107600,104800
2016.10.21,105600,107400,105100
2016.10.24,106300,107300,104100
2016.10.25,104200,105300,102600
2016.10.26,102800,106400,102700
2016.10.27,105500,107000,104900
2016.10.28,106900,107300,104500
2016.10.31,103900,107200,103700
2016.11.01,106000,106900,105800
2016.11.02,106200,107300,105300
2016.11.03,105900,109000,105600
2016.11.04,108300,109200,107000
2016.11.07,107800,108500,106600
2016.11.08,108900,108900,107500
2016.11.09,108400,108600,98600
2016.11.10,106800,107900,105700
2016.11.11,106700,106800,104600
2016.11.14,105100,105800,103800
2016.11.15,103500,104700,102900
2016.11.16,103300,106100,103000
2016.11.17,105500,106000,103900
2016.11.18,104900,105400,103500
2016.11.21,104000,104000,102700
2016.11.22,103200,104000,102200
2016.11.23,102900,103500,102500
2016.11.24,103000,104300,102200
2016.11.25,103000,104400,103000
2016.11.28,104500,104600,102900
2016.11.29,102700,103600,102500
2016.11.30,103100,103300,102400
2016.12.01,102200,102900,101100
2016.12.02,101400,101600,99500
2016.12.05,99400,100800,98900
2016.12.06,99900,100700,99700
2016.12.07,100100,100300,98200
2016.12.08,99200,100200,98300
2016.12.09,98400,100600,98400
2016.12.12,101000,101100,100200
2016.12.13,100800,103800,100700
2016.12.14,104500,105600,104100
2016.12.15,104200,106000,103800
2016.12.16,106900,108300,106100
2016.12.19,109000,109500,106500
2016.12.20,107400,107400,105000
2016.12.21,105100,106000,102700
2016.12.22,102700,103900,102000
2016.12.23,102300,104100,102100
2016.12.26,104900,106500,103700
2016.12.27,106700,107000,105100
2016.12.28,107500,107800,105300
2016.12.29,105800,107700,105100
2017.01.02,107600,108300,106600
2017.01.03,107700,108200,106100
2017.01.04,107000,107000,105100
2017.01.05,106400,107500,105800
2017.01.06,105900,106300,105000
2017.01.09,105400,105800,103900
2017.01.10,104300,104800,103500
2017.01.11,104600,104700,103700
2017.01.12,103600,103700,102600
2017.01.13,102700,104200,102500
2017.01.16,103000,103300,102100
2017.01.17,102000,102400,100800
2017.01.18,101200,102300,101100
2017.01.19,101700,102100,100500
2017.01.20,100500,100800,100000
2017.01.23,100400,101700,100100
2017.01.24,100600,100800,99500
2017.01.25,100000,100900,99000
2017.01.26,100000,100300,98900
2017.01.31,100700,101600,100200
2017.02.01,100800,101000,99800
2017.02.02,100300,101800,99900
2017.02.03,101100,102400,100500
2017.02.06,102000,102200,101000
2017.02.07,101200,101500,100400
2017.02.08,100600,100800,99800
2017.02.09,100600,101000,100300
2017.02.10,100500,102200,100500
2017.02.13,102200,102300,101300
2017.02.14,101400,101600,100400
2017.02.15,100800,101900,100600
2017.02.16,102100,102100,101000
2017.02.17,100700,101500,100700
2017.02.20,101100,101500,100800
2017.02.21,100900,101200,100700
2017.02.22,101100,103000,100300
2017.02.23,102000,102400,101200
2017.02.24,101800,102000,100700
2017.02.27,100900,102400,100900
2017.02.28,102000,102200,101000
2017.03.02,102000,102000,100800
2017.03.03,101000,101400,100400
2017.03.06,100700,101300,100400
2017.03.07,100600,100800,100300
2017.03.08,100500,100700,99700
2017.03.09,99900,100400,99200
2017.03.10,99300,99400,97700
2017.03.13,98400,99300,98300
2017.03.14,98200,98800,97800
2017.03.15,98300,98700,94600
2017.03.16,94200,96400,94200
2017.03.17,96600,96600,91700
2017.03.20,91100,91600,88200
2017.03.21,91100,92500,89800
2017.03.22,90600,91800,89200
2017.03.23,89700,90100,87500
2017.03.24,88700,89800,87400
2017.03.27,90200,92000,89400
2017.03.28,91500,91600,90100
2017.03.29,91000,91100,90100
2017.03.30,90400,91100,89900
2017.03.31,90000,91000,90000
2017.04.03,90100,90200,89300
2017.04.04,89600,91000,89300
2017.04.05,90700,90900,89800
2017.04.06,90700,90700,89800
2017.04.07,90700,90700,90000
2017.04.10,89900,90000,88600
2017.04.11,88800,90200,88800
2017.04.12,89700,90400,89500
2017.04.13,90400,90400,89600
2017.04.14,89400,90000,89000
2017.04.17,89600,91000,89100
2017.04.18,91300,92000,90600
2017.04.19,91800,91900,90800
2017.04.20,91800,91900,90900
2017.04.21,91300,91400,90200
2017.04.24,89600,89600,88700
2017.04.25,89200,89700,88800
2017.04.26,89500,89700,88600
2017.04.27,90000,90100,89100
2017.04.28,89300,89600,88700
2017.05.02,89500,90000,88900
2017.05.04,89500,90200,89100
2017.05.08,91600,95000,91600
2017.05.10,95800,97800,95700
2017.05.11,96100,97700,95100
2017.05.12,96000,96400,94600
2017.05.15,95000,96300,95000
2017.05.16,96500,96500,94800
2017.05.17,95400,95600,94300
2017.05.18,93700,94600,93100
2017.05.19,94100,94900,93700
2017.05.22,95400,95400,93700
2017.05.23,94200,94300,93100
2017.05.24,93800,95000,93800
2017.05.25,95400,95400,93800
2017.05.26,94000,94900,93100
2017.05.29,94300,94500,93400
2017.05.30,94400,95800,94000
2017.05.31,95900,96700,95100
2017.06.01,96000,96100,94600
2017.06.02,96400,97000,95500
2017.06.05,96800,97800,96200
2017.06.07,98700,99500,98200
2017.06.08,99700,100300,99100
2017.06.09,100300,102500,99800
2017.06.12,101000,101300,99700
2017.06.13,100400,100800,99400
2017.06.14,100800,104500,100700
2017.06.15,104000,104000,101200
2017.06.16,102800,104300,102000
2017.06.19,105000,108600,104500
2017.06.20,109600,115800,109400
2017.06.21,114400,115800,109200
2017.06.22,115700,115700,112600
2017.06.23,113900,115000,112800
2017.06.26,112800,115600,112100
2017.06.27,116700,119500,115000
2017.06.28,114100,115600,113900
2017.06.29,114200,114800,112100
2017.06.30,113700,116200,113700
2017.07.03,116000,116300,114500
2017.07.04,115500,116000,112600
2017.07.05,112500,113200,109300
2017.07.06,111200,113600,111100
2017.07.07,114000,114900,113300
2017.07.10,114900,114900,112900
2017.07.11,113200,113600,111600
2017.07.12,112400,113400,108100
2017.07.13,108900,110000,105400
2017.07.14,107200,109300,105000
2017.07.17,111200,111700,110100
2017.07.18,110900,111600,109600
2017.07.19,111300,115000,110000
2017.07.20,116100,116900,114500
2017.07.21,115100,115100,113100
2017.07.24,115000,115900,114100
2017.07.25,114800,114900,110700
2017.07.26,110500,113500,108000
2017.07.27,113800,114300,111400
2017.07.28,109700,110000,108000
2017.07.31,108000,110300,107400
2017.08.01,109500,109600,106600
2017.08.02,106400,106900,105400
2017.08.03,106000,106900,102600
2017.08.04,102500,103800,101200
2017.08.07,103000,109900,102900
2017.08.08,108500,110300,107300
2017.08.09,109300,110300,107900
2017.08.10,108000,109200,107000
2017.08.11,106000,106800,103400
2017.08.14,104500,105400,103600
2017.08.16,106200,108700,105300
2017.08.17,110000,111200,108800
2017.08.18,109300,110800,108800
2017.08.21,111000,111200,109600
2017.08.22,111800,117300,111300
2017.08.23,118600,119200,114700
2017.08.24,115000,116600,114400
2017.08.25,115400,115400,113800
2017.08.28,114300,114800,112700
2017.08.29,113500,116200,113200
2017.08.30,116400,117900,115100
2017.08.31,115600,116400,114700
2017.09.01,115700,115800,113600
2017.09.04,110300,113800,110200
2017.09.05,113600,113800,111800
2017.09.06,112500,115900,112100
2017.09.07,115700,116300,114900
2017.09.08,115800,116800,115000
2017.09.11,115100,115400,114500
2017.09.12,115100,116700,114900
2017.09.13,116300,117500,115700
2017.09.14,116800,120500,116500
2017.09.15,119000,129800,118900
2017.09.18,130700,142300,130500
2017.09.19,139700,140900,136600
2017.09.20,140200,149000,140100
2017.09.21,149400,150500,141700
2017.09.22,144500,144600,140600
2017.09.25,145900,149300,144600
2017.09.26,147000,147200,142500
2017.09.27,143700,149600,142600
2017.09.28,149700,149700,144000
2017.09.29,145400,146300,137100
2017.10.10,146300,148500,143700
2017.10.11,144600,147700,144400
2017.10.12,147500,155500,145800
2017.10.13,158700,179800,158300
2017.10.16,173700,177600,168400
2017.10.17,173900,198800,172500
2017.10.18,202000,208500,191100
2017.10.19,194500,194900,175200
2017.10.20,173900,181100,172100
2017.10.23,177300,183400,177300
2017.10.24,179700,190900,179100
2017.10.25,189300,189400,180600
2017.10.26,181900,182400,172100
2017.10.27,174200,178700,168200
2017.10.30,172200,174500,167900
2017.10.31,167900,173800,165700
2017.11.01,173700,178000,170700
2017.11.02,174000,176300,171300
2017.11.03,175100,181900,173300
2017.11.06,178400,178900,174200
2017.11.07,175100,175300,166000
2017.11.08,168400,176200,167800
2017.11.09,174200,174600,169000
2017.11.10,170400,177500,170400
2017.11.13,178700,190700,177500
2017.11.14,192700,197600,186200
2017.11.15,195100,208500,192700
2017.11.16,212700,219900,204000
2017.11.17,216700,222100,212500
2017.11.20,217100,222000,215300
2017.11.21,219300,228400,214900
2017.11.22,223000,227800,215600
2017.11.23,212700,220400,207500
2017.11.24,220000,221300,214900
2017.11.27,210500,215800,209200
2017.11.28,215300,216400,205100
2017.11.29,205000,209200,202800
2017.11.30,206800,208000,200100
2017.12.01,201000,211600,201000
2017.12.04,210300,211500,206200
2017.12.05,209500,209700,205200
2017.12.06,206400,209000,201100
2017.12.07,203000,204200,192700
2017.12.08,193900,202300,193500
2017.12.11,198500,205000,197000
2017.12.12,208900,209500,202700
2017.12.13,206200,210900,206000
2017.12.14,214500,215500,201100
2017.12.15,208200,215000,205300
2017.12.18,213000,213500,208800
2017.12.19,206000,208700,199700
2017.12.20,203000,205300,201000
2017.12.21,199400,201400,197300
2017.12.22,197500,202500,196800
2017.12.26,204200,209200,195000
2017.12.27,210000,220300,204000
2017.12.28,221900,225700,218100
2018.01.02,223600,227700,222200
2018.01.03,228900,247200,227100
2018.01.04,249600,261200,245300
2018.01.05,254900,267000,254000
2018.01.08,278500,303200,277200
2018.01.09,304000,320000,291200
2018.01.10,303300,315000,285000
2018.01.11,298600,307000,293000
2018.01.12,324600,374000,317500
2018.01.15,343500,356100,328500
2018.01.16,341000,350400,335200
2018.01.17,347400,347500,312500
2018.01.18,308900,323400,305600
2018.01.19,320000,320800,284400
2018.01.22,281000,289900,270500
2018.01.23,286800,300100,283600
2018.01.24,310000,312000,291300
2018.01.25,291300,295000,282300
2018.01.26,287000,301700,282300
2018.01.29,293900,337500,293900
2018.01.30,333900,339000,325200
2018.01.31,317600,322100,312500
2018.02.01,314800,318300,297300
2018.02.02,300300,306400,290000
2018.02.05,293400,299900,286000
2018.02.06,276200,291200,272200
2018.02.07,291300,292000,256000
2018.02.08,251300,273000,238500
2018.02.09,259000,293000,257500
2018.02.12,295500,311500,295000
2018.02.13,306000,308000,294000
2018.02.14,299000,313500,296500
2018.02.19,326000,326000,311500
2018.02.20,313500,319000,301000
2018.02.21,304000,311500,302000
2018.02.22,305000,313500,301000
2018.02.23,309000,322500,307000
2018.02.26,321000,328000,320500
2018.02.27,334000,354500,330500
2018.02.28,342500,364500,342000
2018.03.02,353000,372000,351000
2018.03.05,386500,392000,357000
2018.03.06,376000,381500,358500
2018.03.07,347000,351500,324500
2018.03.08,331000,354000,330500
2018.03.09,345500,355000,323000
2018.03.12,324000,333500,313500
2018.03.13,321000,321000,305000
2018.03.14,306500,316000,303500
2018.03.15,313000,327500,310500
2018.03.16,325000,332500,321000
2018.03.19,327000,329500,317500
2018.03.20,316000,325000,312500
2018.03.21,323000,324500,311000
2018.03.22,312000,319000,305000
2018.03.23,302500,312500,298000
2018.03.26,301000,305000,294000
2018.03.27,307000,308500,297000
2018.03.28,292000,294000,280500
2018.03.29,297000,318000,295000
2018.03.30,319500,321500,309000
2018.04.02,310500,316000,304000
2018.04.03,299500,304500,297000
2018.04.04,303500,306000,291500
2018.04.05,291500,307000,283500
2018.04.06,296000,300500,291500
2018.04.09,298500,310000,293000
2018.04.10,309500,311500,301000
2018.04.11,306000,308000,298000
2018.04.12,299000,303000,293000
2018.04.13,295000,295000,286500
2018.04.16,289500,302000,289500
2018.04.17,296000,296000,289000
2018.04.18,294500,295500,283000
2018.04.19,283000,283500,265500
2018.04.20,266000,275500,257500
2018.04.23,265000,267500,249500
2018.04.24,251000,260500,248000
2018.04.25,245500,256500,244000
2018.04.26,257000,260500,255500
2018.04.27,265500,278000,260000
2018.04.30,275000,281500,267000
2018.05.02,267500,272500,256000
2018.05.03,261500,267000,257000
2018.05.04,262500,264000,249000
2018.05.08,251000,256000,234000
2018.05.09,235000,264500,234000
2018.05.10,260000,264000,252500
2018.05.11,257000,267500,256000
2018.05.14,262500,264000,254500
2018.05.15,262000,271500,262000
2018.05.16,271000,273500,267000
2018.05.17,271500,273000,266000
2018.05.18,271500,275500,269000
2018.05.21,271000,273000,268000
2018.05.23,270000,271500,256500
2018.05.24,259000,268000,258500
2018.05.25,264500,280000,264500
2018.05.28,269500,276000,267000
2018.05.29,273500,279500,270000
2018.05.30,270000,271500,262500
2018.05.31,274500,274500,265500
2018.06.01,265500,276000,265000
2018.06.04,272500,273500,264000
2018.06.05,270000,271000,265500
2018.06.07,268500,273000,266500
2018.06.08,271000,275000,268000
2018.06.11,269000,270500,267000
2018.06.12,269500,275500,269000
2018.06.14,272500,280000,272500
2018.06.15,281000,300000,280000
2018.06.18,302000,311000,299000
2018.06.19,306000,307500,286500
2018.06.20,291500,302000,290500
2018.06.21,297500,298000,291500
2018.06.22,290000,298500,288500
2018.06.25,299500,301000,293000
2018.06.26,292500,301000,287000
2018.06.27,299500,308500,297500
2018.06.28,300500,304500,296000
2018.06.29,301000,306500,296500
2018.07.02,303000,311500,303000
2018.07.03,307500,308500,299000
2018.07.04,301000,302500,290500
2018.07.05,292500,294500,277500
2018.07.06,283000,293000,278000
2018.07.09,289000,291500,284000
2018.07.10,286500,289500,280500
2018.07.11,281000,281000,274000
2018.07.12,277000,288000,276500
2018.07.13,285500,290000,283000
2018.07.16,289000,299500,288000
2018.07.17,295000,297500,292000
2018.07.18,297000,302000,289500
2018.07.19,292000,293500,283000
2018.07.20,288000,290000,282500
2018.07.23,285500,286000,267000
2018.07.24,268500,274000,263000
2018.07.25,266500,268000,247000
2018.07.26,254500,261000,245500
2018.07.27,256500,260000,254000
2018.07.30,254000,260500,249500
2018.07.31,257000,273000,256500
2018.08.01,276500,289000,276000
2018.08.02,284500,285000,274000
2018.08.03,283500,285000,278500
2018.08.06,280500,283000,272500
2018.08.07,271500,278000,262500
2018.08.08,276500,281500,275500
2018.08.09,267000,276000,263500
2018.08.10,275500,281000,270500
2018.08.13,271000,271500,259000
2018.08.14,260000,267000,260000
2018.08.16,258500,262500,251500
2018.08.17,259000,268500,259000
2018.08.20,266000,269000,261000
2018.08.21,264500,271000,262500
2018.08.22,270500,275500,268000
2018.08.23,269500,274000,268000
2018.08.24,274500,281000,271500
2018.08.27,280500,284000,277500
2018.08.28,279500,280000,269000
2018.08.29,269000,274000,269000
2018.08.30,270000,270000,264500
2018.08.31,266500,272500,265000
2018.09.03,268500,271500,265000
2018.09.04,268000,281500,268000
2018.09.05,281000,284000,273500
2018.09.06,275000,279000,271000
2018.09.07,278000,281000,276000
2018.09.10,279000,281000,272500
2018.09.11,273000,277000,271500
2018.09.12,276500,287500,274500
2018.09.13,288000,294000,285000
2018.09.14,292500,296500,288500
2018.09.17,298500,305000,297000
2018.09.18,301000,303500,297500
2018.09.19,300000,308000,297500
2018.09.20,304500,311500,296000
2018.09.21,300000,304500,296500
2018.09.27,302000,309000,301000
2018.09.28,302000,304500,293000
2018.10.01,297000,299500,289000
2018.10.02,292000,295500,288000
2018.10.04,290000,293000,284000
2018.10.05,290500,296000,287500
2018.10.08,287500,292000,286500
2018.10.10,292000,293500,286500
2018.10.11,283000,285000,271500
2018.10.12,271500,277500,268500
2018.10.15,276500,277000,260000
2018.10.16,262000,267000,259000
2018.10.17,268500,269000,261500
2018.10.18,265500,268000,260500
2018.10.19,258000,274500,255000
2018.10.22,270500,272000,266000
2018.10.23,249000,253500,245000
2018.10.24,248000,251500,224000
2018.10.25,214000,238500,211500
2018.10.26,240500,241000,225500
2018.10.29,228500,234000,218000
2018.10.30,215000,228500,213000
2018.10.31,227500,229000,216000
2018.11.01,219500,240000,218000
2018.11.02,234000,238500,230000
2018.11.05,239000,243000,235500
2018.11.06,242000,245000,236000
2018.11.07,241000,242500,233500
2018.11.08,238500,241000,237000
2018.11.09,237000,238500,225000
2018.11.12,216000,218000,200000
2018.11.13,198000,206500,197000
2018.11.14,200500,215500,199500
2018.11.15,213000,218500,210000
2018.11.16,220000,229500,218500
2018.11.19,227000,231500,222000
2018.11.20,227000,231500,225500
2018.11.21,222000,225500,218000
2018.11.22,226000,227000,222000
2018.11.23,223000,227000,220000
2018.11.26,222500,241000,221500
2018.11.27,241500,243000,236000
2018.11.28,239000,241500,236000
2018.11.29,250000,251000,236000
2018.11.30,239500,242000,237000
2018.12.03,244000,245500,240000
2018.12.04,241500,249000,241000
2018.12.05,239000,242500,237500
2018.12.06,241000,241500,235000
2018.12.07,237000,247500,237000
2018.12.10,242500,247500,240000
2018.12.11,239500,240000,220000
2018.12.12,222000,229000,222000
2018.12.13,226000,226500,216000
2018.12.14,217000,217500,206500
2018.12.17,212500,217000,201000
2018.12.18,209500,223000,209000
2018.12.19,220000,228500,218000
2018.12.20,223500,232500,223000
2018.12.21,225500,228500,219000
2018.12.24,217500,219000,210500
2018.12.26,204000,228000,203500
2018.12.27,241500,244500,222000
2018.12.28,224500,227500,217500
